<?xml version="1.0" encoding="UTF-8"?>
<project-private xmlns="http://www.netbeans.org/ns/project-private/1">
    <editor-bookmarks xmlns="http://www.netbeans.org/ns/editor-bookmarks/2" lastBookmarkId="0"/>
    <open-files xmlns="http://www.netbeans.org/ns/projectui-open-files/2">
        <group>
            <file>file:/C:/wamp64/www/articlestest.php</file>
            <file>file:/C:/wamp64/www/templates/index.tpl</file>
            <file>file:/C:/wamp64/www/deconnexion.php</file>
            <file>file:/C:/wamp64/www/article.php</file>
            <file>file:/C:/wamp64/www/templates_c/68608a6aba9c600fec335f8eb860a23404f0ab5f_0.file.index.tpl.php</file>
            <file>file:/C:/wamp64/www/smarty-test.php</file>
            <file>file:/C:/wamp64/www/include/menu.inc.php</file>
            <file>file:/C:/wamp64/www/connexion.php</file>
            <file>file:/C:/wamp64/www/function.inc.php</file>
            <file>file:/C:/wamp64/www/include/header.inc.php</file>
            <file>file:/C:/wamp64/www/index.php</file>
            <file>file:/C:/wamp64/www/recherche.php</file>
            <file>file:/C:/wamp64/www/templates/smarty-test.tpl</file>
            <file>file:/C:/wamp64/www/config/connexion.conf.php</file>
            <file>file:/C:/wamp64/www/articles.php</file>
        </group>
    </open-files>
</project-private>
